;count;mean;std;min;25%;50%;75%;max
Вік;50.0;58.08;20.47680619229314;18.0;40.0;66.5;74.75;85.0
Цукор крові (ммоль/л);50.0;7.712000000000001;2.3826447318824826;3.9;5.9;7.5;9.875;11.8
Холестерин (мг/дл);50.0;220.88;44.723020598217325;158.0;186.0;214.0;257.25;297.0
Пульс (уд/хв);50.0;79.82;12.95469342102132;60.0;67.0;83.0;91.0;99.0
Температура (°C);50.0;37.042;0.4594095589527313;36.2;36.7;37.0;37.4;37.8
Вага (кг);50.0;87.18;19.50477701822331;50.0;75.0;84.5;103.25;117.0
Зріст (см);50.0;173.68;13.505010408083699;150.0;166.0;173.0;184.75;195.0
BMI;50.0;29.507999999999996;8.452866679537825;14.6;22.924999999999997;28.5;34.7;48.9
